zone,surplus_event_id,start_time,end_time,duration_h,min_price,mean_price,max_net_surplus_mw,mean_renewable_share,mean_wind100,mean_load_mw,mean_net_export_mw,max_export_utilisation,mean_bal_price_down,mean_abs_imbalance,mean_severity
SE3,184,2024-07-31 00:00:00,2024-07-31 03:00:00,4,4.94,4.9625,3736.8899999999994,0.3163840452561994,6.36368136185885,5833.75,3757.3274999999994,0.0,4.9625,0.0,7.0762305899374525
DK1,122,2024-05-16 09:00:00,2024-05-16 13:00:00,5,-0.71,-0.15999999999999998,3497.0099999999998,0.9423898865712415,11.511860747436948,2948.8720000000003,2364.152,1.109450376884422,-0.784,0.0,6.561445277401157
NO3,144,2024-11-02 21:00:00,2024-11-03 10:00:00,14,3.09,3.7478571428571428,1241.48,0.9816264453166187,7.841694804320083,3221.9235714285714,907.2764285714285,0.0,3.396428571428572,139.72912742857142,6.196592015286624
FI,105,2023-11-24 12:00:00,2023-11-24 22:00:00,11,-500.0,-455.45454545454544,-812.5300000000007,0.4536554206394357,7.397514605649249,12520.068181818182,-1034.9281818181817,0.0,-455.45454545454544,354.1020602727273,6.1612571187233565
SE4,102,2024-07-06 22:00:00,2024-07-07 16:00:00,19,-19.9,-5.524210526315789,402.77,0.9530772626621357,11.007494530307453,1643.7368421052631,199.48000000000005,0.0,-5.862105263157894,0.0,6.101489127359529
SE4,67,2024-04-14 00:00:00,2024-04-14 03:00:00,4,0.42,1.1825,274.4200000000001,0.9489019559419989,9.749035817209844,1861.25,212.4174999999999,0.0,-15.5,0.0,6.049912950650272
FI,257,2024-10-30 08:00:00,2024-10-30 15:00:00,8,1.59,2.56875,2950.6800000000003,0.5735780809951965,11.809114209621887,9995.4375,2701.225,0.0,-1.5325,532.25984175,6.037515624247836
DK1,105,2024-04-10 12:00:00,2024-04-10 13:00:00,2,0.06,0.17,2728.4700000000003,0.957291762514147,10.512928653581977,3349.925,2034.7650000000003,1.0908431208053693,-10.0,0.0,6.035255019019928
DK1,50,2023-07-17 10:00:00,2023-07-17 14:00:00,5,0.0,0.5599999999999999,2797.5600000000004,0.9297621660087583,9.393427358574689,2318.6639999999998,2306.3019999999997,1.1900218531468532,-2.13,0.0,6.021629386396768
SE3,110,2024-04-01 23:00:00,2024-04-02 02:00:00,4,0.6,1.0575,2810.59,0.3828237379081857,8.921854562734865,9023.25,2936.5299999999997,0.0,-13.75,0.0,6.013266512240187
FI,276,2024-12-01 13:00:00,2024-12-02 13:00:00,25,-0.46,2.4392,3506.4900000000016,0.5588365792984844,10.109507671812242,10103.584,2653.6240000000003,0.0,0.8687999999999999,259.13566579999997,5.995681493284816
DK1,191,2024-09-30 11:00:00,2024-09-30 11:00:00,1,2.06,2.06,2600.97,0.9375017244233528,11.675358244574126,3198.07,2097.21,1.0489760554505356,-2.0,0.0,5.945699422658872
SE4,115,2024-08-11 06:00:00,2024-08-11 14:00:00,9,-59.96,-19.986666666666665,165.56999999999994,0.9596899847472614,10.645701119359272,2026.2222222222222,24.766666666666715,0.0,-19.986666666666665,0.0,5.868674865038558
SE3,188,2024-08-03 12:00:00,2024-08-03 12:00:00,1,4.1,4.1,2666.149999999998,0.2644464465194274,2.327931857363252,6935.0,2891.65,0.0,-2.0,0.0,5.848938649819336
SE4,43,2023-10-03 23:00:00,2023-10-04 03:00:00,5,-0.09,-0.046,121.31999999999994,0.9593974789735735,9.458346253329427,1837.2,143.80799999999994,0.0,-0.046,0.0,5.83750438684081
DK1,45,2023-07-03 08:00:00,2023-07-03 14:00:00,7,-5.68,-2.207142857142857,2919.6699999999996,0.9332322969416967,11.884941483953734,2831.6614285714286,2137.6542857142854,1.273595744680851,-2.207142857142857,0.0,5.808466724303286
SE4,149,2024-10-31 22:00:00,2024-11-01 02:00:00,5,1.03,1.8719999999999999,261.1199999999999,0.9788334585165905,14.35021895775319,2018.8,70.60799999999995,0.0,0.548,0.0,5.7757026799405695
DK2,5,2023-01-30 01:00:00,2023-01-30 02:00:00,2,2.03,3.49,613.8500000000001,0.7416918803004807,14.090330150511296,1339.32,544.3900000000001,2.943888888888889,3.49,0.0,5.760134113494579
SE4,44,2023-10-04 10:00:00,2023-10-04 12:00:00,3,1.24,1.3499999999999999,50.929999999999836,0.9612128134010071,12.445309360555465,2366.6666666666665,132.72333333333327,0.0,-3.3333333333333335,0.0,5.75308765043026
SE4,68,2024-04-14 07:00:00,2024-04-14 14:00:00,8,-54.0,-26.25375,330.97999999999956,0.9447262226143083,14.890116845410555,2345.625,-54.01999999999995,0.0,-26.25375,0.0,5.6860583699450915
SE4,29,2023-09-19 18:00:00,2023-09-20 03:00:00,10,-3.7,-2.068,109.72000000000003,0.9571341884623774,12.757999735984288,1923.1,88.72399999999998,0.0,-3.7310000000000003,0.0,5.684623153398296
DK1,13,2023-03-24 12:00:00,2023-03-24 13:00:00,2,2.07,3.0300000000000002,2579.8799999999997,0.9390609991115495,12.634713613677073,3096.2200000000003,2016.12,1.0208425531914893,-1.985,0.0,5.669637316065904
DK2,70,2023-12-26 03:00:00,2023-12-26 05:00:00,3,0.1,1.2266666666666666,696.5899999999999,0.6890073995227491,11.77175439466123,1310.5766666666666,522.9866666666667,42.96,-5.933333333333334,0.0,5.664803764024033
DK1,195,2024-10-16 10:00:00,2024-10-16 12:00:00,3,2.04,3.3766666666666665,2729.0499999999993,0.9450112185239857,11.806095952118469,3585.5533333333333,1927.1066666666666,0.9240642201834862,-3.0,0.0,5.659902913076418
SE4,72,2024-05-02 09:00:00,2024-05-02 14:00:00,6,-2.7,0.036666666666666625,155.4000000000001,0.9249436286708023,9.05476564910219,2090.5,87.12333333333335,0.0,0.036666666666666625,0.0,5.648139456960134
NO3,163,2024-11-14 22:00:00,2024-11-15 05:00:00,8,3.2,3.89,931.73,0.9836373323048127,11.934064490693178,3176.50875,750.2887499999999,0.0,3.89,87.0374875,5.6075681766739285
FI,103,2023-11-04 12:00:00,2023-11-04 14:00:00,3,3.7,3.9033333333333338,2383.130000000001,0.573085241517691,10.763508444638468,10230.0,2646.853333333333,0.0,3.9033333333333338,168.62971133333335,5.606965532425318
FI,104,2023-11-04 18:00:00,2023-11-05 06:00:00,13,-0.1,1.0138461538461538,2579.4800000000014,0.529723474898835,9.87035751632201,9093.365384615385,2609.2823076923078,0.0,-4.512307692307693,327.13365376923076,5.593023024124599
SE4,71,2024-05-01 08:00:00,2024-05-01 15:00:00,8,-2.45,-1.69,101.91000000000008,0.9109566169159324,8.132962420864677,1759.25,60.635000000000005,0.0,-1.69,0.0,5.589944672802653
NO3,88,2023-10-09 22:00:00,2023-10-10 03:00:00,6,3.39,3.6799999999999997,867.9999999999995,0.9833801501503143,6.47077635772026,2997.4083333333333,732.3033333333334,0.0,3.6799999999999997,60.091082,5.588920156295884
DK1,206,2024-12-31 22:00:00,2024-12-31 22:00:00,1,0.52,0.52,2402.37,0.9555538358355259,15.187565540573578,2637.21,1893.3599999999997,0.5497753623188405,0.52,0.0,5.58868482107843
DK1,46,2023-07-04 10:00:00,2023-07-04 11:00:00,2,0.06,0.065,2541.5599999999995,0.9299049834630675,10.35320603749042,2805.885,2030.6349999999998,1.5517744755244756,0.065,0.0,5.586394426566719
SE4,14,2023-07-15 11:00:00,2023-07-15 13:00:00,3,-1.03,-0.42,40.73000000000002,0.9447025936416912,7.726520937835041,1637.3333333333333,50.773333333333234,0.0,-1.0433333333333332,0.0,5.531577768595949
NO3,87,2023-10-08 21:00:00,2023-10-09 02:00:00,6,3.76,4.421666666666667,969.1000000000004,0.9853783150320115,4.1972214725216075,2965.0383333333334,717.4050000000001,0.0,4.421666666666667,115.39545333333335,5.504685220024997
SE3,190,2024-08-07 21:00:00,2024-08-08 03:00:00,7,2.58,3.35,2476.1800000000003,0.2553680021906554,5.792333834414441,6469.857142857143,2612.7514285714283,0.0,3.35,0.0,5.481369208728232
SE2,287,2024-12-16 23:00:00,2024-12-17 03:00:00,5,2.73,3.47,7120.290000000001,0.997374973677047,12.93040602276822,1894.8,7086.12,0.0,3.47,0.0,5.48008906117895
SE4,81,2024-05-16 10:00:00,2024-05-16 12:00:00,3,-0.71,-0.2966666666666667,-6.740000000000009,0.9444033852707152,7.8048505072287755,2074.6666666666665,16.45666666666663,0.0,-1.0,0.0,5.439097136897158
SE3,185,2024-07-31 12:00:00,2024-08-01 05:00:00,18,-0.01,2.941666666666667,3379.8499999999985,0.2960334231972237,6.5372992048534675,6787.111111111111,2557.671666666667,0.0,2.3105555555555557,0.0,5.4372799519170405
SE4,70,2024-04-28 08:00:00,2024-04-28 15:00:00,8,-2.52,-1.2625,248.30999999999995,0.8801360160041735,7.154086848662289,1629.875,11.492499999999978,0.0,-12.25625,0.0,5.416792499787372
SE4,45,2023-10-04 20:00:00,2023-10-05 03:00:00,8,-0.31,-0.04375,242.69000000000005,0.9580234090460344,10.218881791356463,1827.0,7.373750000000058,0.0,-2.48125,0.0,5.404759742550729
SE3,94,2023-12-19 01:00:00,2023-12-19 03:00:00,3,1.58,2.703333333333333,2357.6499999999996,0.36079014397398274,11.749675093729591,9091.666666666666,2452.5766666666664,0.0,-5.833333333333333,0.0,5.374677176021628
FI,4,2023-03-17 23:00:00,2023-03-18 05:00:00,7,1.5,3.281428571428571,2265.2699999999986,0.46509132895505206,9.90728706522149,9144.185714285715,2502.058571428571,0.0,-85.13142857142859,131.94594185714286,5.3686622376711925
SE3,183,2024-07-30 10:00:00,2024-07-30 12:00:00,3,0.01,0.65,2209.59,0.3367386998314883,2.820188606001008,7560.333333333333,2500.7133333333336,0.0,0.65,0.0,5.347083893257159
NO3,59,2023-09-23 20:00:00,2023-09-24 13:00:00,18,-2.62,1.1,1036.3500000000004,0.9868094545759841,7.499024516378163,2746.555,660.1977777777778,0.0,0.033333333333333326,71.09503955555556,5.3381034290840015
DK2,101,2024-05-17 09:00:00,2024-05-17 15:00:00,7,1.25,3.011428571428571,555.8699999999999,0.9382090342001596,10.49416202409851,1645.77,480.11999999999995,0.0,0.7100000000000001,0.0,5.328442372240353
SE3,46,2023-07-29 01:00:00,2023-07-29 03:00:00,3,0.77,1.3533333333333335,2263.0699999999997,0.2310591541607531,6.601003600589263,5578.333333333333,2439.8566666666666,0.0,1.3533333333333335,0.0,5.323928826955128
SE3,109,2024-04-01 20:00:00,2024-04-01 21:00:00,2,0.33,2.245,2311.029999999999,0.3562636439552607,7.286777492684279,9136.5,2478.4199999999996,0.0,2.245,0.0,5.3083664567681055
SE3,187,2024-08-01 21:00:00,2024-08-02 03:00:00,7,2.63,3.767142857142857,2782.83,0.25384395768797974,5.402821963827239,6196.714285714285,2525.235714285714,0.0,3.767142857142857,0.0,5.2878399659657775
SE4,114,2024-08-10 22:00:00,2024-08-11 04:00:00,7,-0.01,-0.008571428571428572,-77.25,0.9661586586135692,9.319705859991432,1649.4285714285713,-39.34571428571423,0.0,-0.15142857142857144,0.0,5.272300475130861
SE4,92,2024-06-09 06:00:00,2024-06-09 15:00:00,10,-37.13,-15.359,-59.48000000000002,0.96097778031522,9.628327413884247,2149.7,-129.22299999999996,0.0,-15.447,0.0,5.256014703386806
SE4,13,2023-07-02 01:00:00,2023-07-02 16:00:00,16,-6.62,-2.54375,149.9000000000001,0.9291549475404276,8.405689005465538,1775.5625,-73.27812500000002,0.0,-2.7175,0.0,5.197594855095852
FI,7,2023-04-12 22:00:00,2023-04-13 03:00:00,6,0.0,0.6699999999999999,2289.99,0.4724019490597356,9.353450216300347,8374.916666666666,2395.5499999999997,0.0,-6.333333333333333,292.1300263333333,5.195438969999236
DK2,4,2023-01-15 04:00:00,2023-01-15 04:00:00,1,4.85,4.85,497.5,0.775186126543557,12.994391059753436,1280.86,421.4900000000001,4.443364197530864,4.85,0.0,5.195281392561543
FI,275,2024-11-25 20:00:00,2024-11-26 04:00:00,9,-0.01,1.2566666666666668,2559.76,0.5322689292594799,10.47696098734206,9514.655555555555,2174.8633333333332,0.0,-3.437777777777778,225.89883166666667,5.184986498863893
DK2,6,2023-03-14 00:00:00,2023-03-14 03:00:00,4,2.48,3.9575,551.49,0.7515484953433904,14.145166836399765,1288.46,425.44999999999993,3.7462839879154077,1.2850000000000001,0.0,5.180793738035319
SE4,113,2024-08-09 20:00:00,2024-08-10 15:00:00,20,-40.77,-8.267,50.75,0.9631484971558196,9.789390185656455,1864.35,-119.95699999999992,0.0,-9.768,0.0,5.178993088852522
DK1,126,2024-05-22 11:00:00,2024-05-22 13:00:00,3,3.03,3.2399999999999998,2168.3,0.9238046922768569,10.861916866244973,2922.26,1774.2300000000002,0.9228297872340426,3.2399999999999998,0.0,5.169468264702556
DK1,104,2024-04-10 00:00:00,2024-04-10 00:00:00,1,5.0,5.0,2188.8800000000006,0.937769965972266,13.185322206291131,2698.31,1758.0399999999995,0.8737093023255812,-1.0,0.0,5.166535103574585
NO3,76,2023-10-02 20:00:00,2023-10-03 04:00:00,9,2.96,3.307777777777778,861.8300000000004,0.9879383165131832,4.9790123745065,2647.0177777777776,600.7622222222222,0.0,2.783333333333333,161.9701488888889,5.158493352977616
DK1,109,2024-04-13 22:00:00,2024-04-14 02:00:00,5,0.43,1.1320000000000001,2386.42,0.9604597780272375,10.673079771127668,2241.958,1616.898,0.8449136690647483,-11.1,0.0,5.157855451490602
DK2,69,2023-12-25 01:00:00,2023-12-25 06:00:00,6,0.07,1.0633333333333332,529.45,0.7745522340292122,15.484483146966348,1314.095,412.69833333333327,44.50410256410257,-5.663333333333334,0.0,5.152434335693472
SE4,106,2024-07-28 08:00:00,2024-07-28 15:00:00,8,-48.69,-17.87875,-196.3699999999999,0.9228122988953851,6.806826713718641,1842.625,-188.28250000000003,0.0,-27.31625,0.0,5.124870301621235
SE2,283,2024-12-08 18:00:00,2024-12-08 19:00:00,2,3.84,4.34,6770.4400000000005,0.9983209788781222,9.241445112707755,1814.5,6848.635,0.0,3.92,0.0,5.119210474972659
NO3,89,2023-10-10 13:00:00,2023-10-10 16:00:00,4,3.28,3.6174999999999997,764.8800000000001,0.9832090772354916,6.694341416177197,3340.06,637.5425,0.0,-1.6475,65.509709,5.117539722632742
DK1,10,2023-01-30 02:00:00,2023-01-30 02:00:00,1,2.03,2.03,2132.1100000000006,0.8786230250342687,10.603039042509645,2303.41,1701.9999999999995,0.8730809859154929,2.03,0.0,5.117164505376742
NO3,11,2023-05-24 09:00:00,2023-05-25 19:00:00,35,-3.4,-1.145142857142857,1368.18,0.9998403239316309,9.216311597842253,2741.8305714285716,505.62285714285713,0.0,-1.8417142857142856,108.74676057142858,5.11663277376105
FI,13,2023-05-10 18:00:00,2023-05-11 02:00:00,9,-0.13,0.28,2167.26,0.5496249176935538,6.354205126202687,7495.799999999999,2317.104444444444,0.0,-16.044444444444444,116.6378798888889,5.093387543034642
SE4,51,2023-10-13 19:00:00,2023-10-14 15:00:00,21,-4.37,-2.218095238095238,148.92000000000007,0.9622453127049023,11.113834420932285,2119.9523809523807,-105.86904761904758,0.0,-2.2547619047619047,0.0,5.092960435294257
SE3,182,2024-07-29 21:00:00,2024-07-30 02:00:00,6,4.92,4.9366666666666665,2667.1899999999987,0.28655018096087426,3.916646681220812,6106.666666666667,2295.266666666667,0.0,4.9366666666666665,0.0,5.088132415447007
SE3,186,2024-08-01 11:00:00,2024-08-01 11:00:00,1,4.99,4.99,2086.42,0.32922078327482046,4.290796045383807,7524.0,2355.6500000000005,0.0,-1.0,0.0,5.087859858963389
DK1,26,2023-05-17 10:00:00,2023-05-17 13:00:00,4,0.05,1.4425,2438.1,0.9308525844507292,9.17221606047893,2797.1775,1732.8799999999999,0.8597442748091602,0.9375,0.0,5.075205798610261
DK2,78,2024-02-23 12:00:00,2024-02-23 13:00:00,2,1.58,3.29,451.48,0.7122868700212674,14.185519598638706,1919.56,418.2600000000001,2.0358814102564105,3.29,0.0,5.069179808945611
DK2,99,2024-05-16 09:00:00,2024-05-16 13:00:00,5,-0.71,0.258,563.1800000000001,0.9327362149469666,11.870523227772868,1668.8580000000002,410.48799999999994,0.0,-0.548,0.0,5.067976066085337
DK1,8,2023-01-14 23:00:00,2023-01-15 06:00:00,8,1.58,2.8249999999999997,2420.519999999999,0.9134193755498708,12.848162099243599,2213.30375,1625.29,1.1444226804123712,-0.19250000000000014,0.0,5.067914276524622
DK2,80,2024-03-10 09:00:00,2024-03-10 13:00:00,5,1.51,3.222,555.6100000000004,0.7249109450684654,14.115301739040689,1911.8139999999999,427.56800000000004,0.0,3.222,0.0,5.062383855062525
DK2,9,2023-04-10 21:00:00,2023-04-11 01:00:00,5,0.72,1.174,479.2800000000002,0.775083458233254,13.4687183486401,1242.384,411.91400000000004,4.76725075528701,-6.717999999999999,0.0,5.06221903355885
FI,266,2024-11-08 18:00:00,2024-11-09 05:00:00,12,0.0,1.9566666666666668,2926.6799999999985,0.5238856072113204,8.4854203577201,9197.333333333334,2129.3008333333332,0.0,-3.1199999999999997,152.50249858333333,5.061974576108324
FI,56,2023-07-29 00:00:00,2023-07-29 03:00:00,4,0.77,1.4275,2222.3999999999996,0.41555023871053287,9.647288361219953,6483.54,2231.3849999999998,0.0,1.4275,240.56734175,5.042945350961279
FI,58,2023-08-02 01:00:00,2023-08-02 01:00:00,1,4.0,4.0,2175.3999999999996,0.4280627093451442,7.62300646334654,6476.58,2149.76,0.0,4.0,154.286638,5.034800994263138
NO3,94,2023-10-17 03:00:00,2023-10-17 03:00:00,1,3.97,3.97,500.1800000000003,0.9798365683240607,5.176855251816346,3096.43,635.11,0.0,3.97,83.569352,5.023708893148564
FI,59,2023-08-02 21:00:00,2023-08-03 02:00:00,6,0.01,1.5249999999999997,2257.17,0.43406138137416045,6.587769107736179,6600.418333333334,2094.6166666666663,0.0,-9.388333333333334,138.68827033333335,4.978069625094406
FI,100,2023-10-31 23:00:00,2023-11-01 03:00:00,5,0.01,0.9339999999999999,2251.0200000000004,0.5258351604448974,12.298269317019116,9983.036,2229.17,0.0,0.9339999999999999,351.2361986,4.976832869368378
DK1,5,2023-01-10 23:00:00,2023-01-11 04:00:00,6,0.01,1.3399999999999999,2479.56,0.9095411685144469,14.052958080778199,2440.0433333333335,1563.765,1.0743653136531364,0.4166666666666667,0.0,4.96312397754497
FI,8,2023-04-13 22:00:00,2023-04-13 22:00:00,1,4.1,4.1,1891.7599999999984,0.47318490487016873,9.094548075969213,8805.2,2308.86,0.0,-3.5,541.425812,4.94806411087275
NO3,168,2024-11-16 22:00:00,2024-11-17 02:00:00,5,2.17,3.2,880.7399999999993,0.9812547083326303,5.7961721943457105,3337.29,565.704,0.0,3.2,126.1162138,4.929888427799827
FI,10,2023-05-08 23:00:00,2023-05-09 02:00:00,4,2.35,3.1475,1971.4599999999991,0.5222346222288912,6.694187664930498,7691.25,2261.1324999999997,0.0,-52.9,320.85807575,4.928494556284274
SE3,181,2024-07-28 18:00:00,2024-07-29 14:00:00,21,-1.7,0.4795238095238095,2800.5,0.3631763449422481,7.112850859916127,6867.571428571428,2148.3909523809525,0.0,0.4166666666666667,0.0,4.921312821939935
SE3,189,2024-08-04 09:00:00,2024-08-04 13:00:00,5,-0.02,3.222,2037.75,0.2512391609037567,1.0086305089612266,7344.8,2173.364,0.0,3.222,0.0,4.910150901973287
DK1,97,2024-02-22 22:00:00,2024-02-22 22:00:00,1,1.95,1.95,2176.8799999999997,0.9083030283865119,11.603291852021385,2566.57,1444.58,0.9332727272727273,1.95,0.0,4.902184910417799
NO3,137,2024-11-01 03:00:00,2024-11-01 06:00:00,4,0.95,1.7999999999999998,690.1700000000005,0.9851225789642496,8.558290113202506,3485.725,556.645,0.0,1.0225,174.71200825,4.888061685272952
SE3,192,2024-08-09 09:00:00,2024-08-12 03:00:00,67,-59.96,-4.339402985074627,2899.2999999999993,0.342504535279411,8.006682906793502,6972.4029850746265,2001.3640298507464,0.0,-5.7389552238805965,0.0,4.868260577882989
DK1,205,2024-12-29 23:00:00,2024-12-29 23:00:00,1,3.59,3.59,2024.3899999999999,0.9661582574333767,13.367274670753563,2955.85,1557.57,0.681728813559322,3.59,0.0,4.841825829081234
DK2,7,2023-03-23 00:00:00,2023-03-23 02:00:00,3,4.08,4.383333333333334,417.9000000000001,0.7327814119457511,8.576478518770267,1316.9333333333334,355.53666666666663,3.0499697885196375,-0.5766666666666665,0.0,4.832754641495158
DK2,3,2023-01-12 01:00:00,2023-01-12 03:00:00,3,0.1,2.506666666666667,478.80999999999995,0.7623168483423813,12.442334949058539,1308.0233333333333,312.8866666666666,2.302407407407407,-2.1199999999999997,0.0,4.823156416832307
FI,264,2024-11-08 01:00:00,2024-11-08 03:00:00,3,3.9,3.926666666666667,2222.1399999999994,0.4985499661992388,4.672036416102827,8980.333333333334,1985.0033333333333,0.0,-2.2466666666666666,423.925683,4.809175956564782
FI,14,2023-05-11 20:00:00,2023-05-12 01:00:00,6,0.01,1.2,2058.5699999999997,0.5352856431441291,6.950165074405657,7390.733333333334,2080.9266666666667,0.0,1.2,234.93774783333333,4.7990439910568545
NO3,29,2023-06-23 00:00:00,2023-06-23 02:00:00,3,2.27,3.1233333333333335,502.75999999999976,0.9905447078636233,6.948615530913686,2356.15,540.0499999999998,0.0,3.1233333333333335,107.572364,4.785874349463938
FI,109,2023-12-19 23:00:00,2023-12-20 02:00:00,4,0.0,0.0075,1794.67,0.5181951855458486,13.573881615047252,9756.7375,2213.0275,0.0,-0.4925,127.07637475,4.770310062898197
NO3,170,2024-11-17 14:00:00,2024-11-18 00:00:00,11,2.6,3.2209090909090907,701.3899999999999,0.9823278831918535,9.431407479501017,3687.309090909091,571.7363636363636,0.0,1.5409090909090908,206.50933163636364,4.733730776719872
DK2,79,2024-03-09 10:00:00,2024-03-09 13:00:00,4,0.01,0.0575,495.1999999999998,0.8046114204678692,9.79765634290436,1915.2975,327.06,0.0,0.0575,0.0,4.730923764013619
SE3,44,2023-07-23 05:00:00,2023-07-23 11:00:00,7,0.2,3.244285714285714,2106.4799999999996,0.18733260037748217,4.234634292466797,6324.142857142857,2046.2057142857143,0.0,1.0657142857142858,0.0,4.723482959480841
NO3,98,2023-10-20 21:00:00,2023-10-20 21:00:00,1,4.93,4.93,428.0799999999999,0.9823581431833284,6.218655082694476,3574.9,557.96,0.0,4.93,244.547264,4.720721426785879
DK2,2,2023-01-08 02:00:00,2023-01-08 02:00:00,1,4.16,4.16,397.6300000000001,0.7536746765689529,11.623905122531466,1282.79,302.68000000000006,2.0932692307692307,4.16,0.0,4.701255386075129
DK2,66,2023-12-18 02:00:00,2023-12-18 02:00:00,1,4.99,4.99,372.72,0.8412495848119853,12.322190161805453,1343.37,330.76000000000005,16.931538461538462,-5.5,0.0,4.69301538485052
NO3,95,2023-10-18 22:00:00,2023-10-19 00:00:00,3,2.46,3.1366666666666667,657.8899999999999,0.9820427135271729,5.921730492501523,3194.7066666666665,465.6133333333334,0.0,1.6500000000000001,36.60162533333334,4.6926324361579494
NO3,19,2023-05-29 07:00:00,2023-05-29 15:00:00,9,1.54,2.318888888888889,631.52,1.0,8.01826043106104,2681.3344444444447,499.6000000000001,0.0,0.7544444444444446,204.17742044444446,4.681553095905388
DK1,4,2023-01-08 02:00:00,2023-01-08 02:00:00,1,4.16,4.16,1973.9299999999998,0.9016550261064991,9.790168088456063,2155.31,1453.77,0.9354752475247524,4.16,0.0,4.679837072252857
SE2,285,2024-12-14 22:00:00,2024-12-14 22:00:00,1,4.19,4.19,6448.220000000001,0.9973913210196974,9.415325964930458,1897.0,6522.389999999999,0.0,3.56,0.0,4.647377792266527
NO3,97,2023-10-19 18:00:00,2023-10-20 01:00:00,8,2.91,4.0725,517.1700000000001,0.9836475627874163,7.4543957919701525,3581.64625,524.51375,0.0,4.0725,243.9899025,4.637355797992952
DK2,1,2023-01-01 00:00:00,2023-01-01 09:00:00,10,0.05,1.186,483.1399999999999,0.8125913039169909,13.17552872403392,1197.7379999999998,287.10900000000004,2.0425,-4.351999999999999,0.0,4.632026818198226
NO3,67,2023-09-28 03:00:00,2023-09-28 03:00:00,1,3.81,3.81,531.79,0.9910691627122769,3.9427310186923,2344.76,382.21999999999997,0.0,-1.0,110.175228,4.622990197885591
NO3,74,2023-10-01 18:00:00,2023-10-02 01:00:00,8,2.78,3.66625,699.77,0.9788855705910284,3.317692176685976,2652.03625,443.3225,0.0,3.66625,80.31223499999999,4.621954026474412
NO3,167,2024-11-16 06:00:00,2024-11-16 09:00:00,4,3.69,4.1875,551.4899999999998,0.9817316478715724,10.314077157751257,3465.61,494.625,0.0,1.6549999999999998,88.57040375,4.595576806240336
DK2,105,2024-05-22 10:00:00,2024-05-22 14:00:00,5,3.03,3.786,331.6700000000001,0.9466370096361454,12.513206705040734,1667.034,340.846,0.0,3.786,0.0,4.590420902901643
DK1,146,2024-07-05 08:00:00,2024-07-05 14:00:00,7,-0.77,0.5571428571428572,2577.250000000001,0.929913625161421,11.386723237734211,3083.117142857143,1432.23,1.2302394454946441,-7.338571428571428,0.0,4.535612524812673
SE3,176,2024-07-18 00:00:00,2024-07-18 02:00:00,3,4.61,4.79,1759.4800000000005,0.35414171489055174,7.8955242798130305,5934.333333333333,1953.406666666667,0.0,4.79,0.0,4.5304144053142466
DK2,10,2023-04-19 12:00:00,2023-04-19 13:00:00,2,0.09,1.4,347.7499999999998,0.8410674799786653,8.071820487358753,1551.555,287.645,2.5585800604229605,1.4,0.0,4.528557805228839
DK2,8,2023-03-25 01:00:00,2023-03-25 05:00:00,5,1.78,2.868,382.80999999999995,0.7803055683408108,9.899572887022245,1279.212,299.2339999999999,4.20858006042296,2.868,0.0,4.524907134128844
DK2,28,2023-07-04 11:00:00,2023-07-04 11:00:00,1,1.55,1.55,304.72,0.8583453429410194,11.698923282770346,1568.78,295.0600000000002,2.443931623931624,1.55,0.0,4.519685502109678
SE3,50,2023-08-06 18:00:00,2023-08-07 05:00:00,12,-2.54,0.04416666666666669,2325.75,0.4346852287852551,9.382677260356678,6405.75,1831.4675,0.0,-2.0716666666666668,0.0,4.5139907106316075
SE2,282,2024-12-08 14:00:00,2024-12-08 15:00:00,2,4.13,4.55,6417.469999999999,0.998403161808545,7.718811155899919,1900.5,6424.17,0.0,2.235,0.0,4.492340333636175
FI,184,2024-07-13 21:00:00,2024-07-14 03:00:00,7,-0.5,-0.13857142857142857,2026.3300000000008,0.4190756783776191,6.964250931804599,6894.0142857142855,1764.5714285714287,0.0,-41.84428571428572,332.2724945714286,4.4766006641089415
SE3,180,2024-07-28 07:00:00,2024-07-28 16:00:00,10,-48.69,-13.306999999999999,2121.5199999999986,0.3187164446539611,4.654893390322141,6993.1,1579.0449999999998,0.0,-20.857,0.0,4.471776402283249
SE3,116,2024-04-11 20:00:00,2024-04-12 01:00:00,6,3.46,4.335,1847.0999999999985,0.43515386181777566,10.427193981722281,8508.333333333334,1874.14,0.0,4.335,0.0,4.455152783969922
NO1,19,2023-08-07 02:00:00,2023-08-07 03:00:00,2,0.1,1.825,870.8799999999999,0.9942201862339279,7.56991461673015,2094.365,889.805,0.0,-8.525,109.84136799999999,4.299149232062026
SE2,276,2024-12-03 05:00:00,2024-12-03 14:00:00,10,4.49,4.799,6616.870000000001,0.9964531243662662,7.486454600148309,1998.8,6269.245,0.0,4.174,0.0,4.2111545481938135
NO1,24,2023-08-17 01:00:00,2023-08-17 01:00:00,1,5.0,5.0,767.0099999999998,0.99456736567913,3.752365068322192,2192.88,828.3,0.0,-4.0,139.705496,4.143344513292596
NO1,18,2023-08-03 00:00:00,2023-08-03 00:00:00,1,3.55,3.55,735.8600000000001,0.990863215304817,1.420280971690311,2109.78,786.1399999999999,0.0,3.55,86.590988,4.132409257150639
NO1,123,2024-09-07 23:00:00,2024-09-08 05:00:00,7,3.75,4.088571428571429,739.3499999999999,0.9938948419229691,2.630068675755109,2132.1457142857143,736.4671428571427,0.0,-2.357142857142857,27.70977,4.0775779822065354
NO1,12,2023-07-16 00:00:00,2023-07-16 15:00:00,16,-61.84,-16.951875,1319.08,0.9899388244171892,5.864887214365327,2157.3275,255.60999999999999,0.0,-19.626875000000002,126.841122,4.0629990668686276
NO1,22,2023-08-12 03:00:00,2023-08-12 03:00:00,1,5.0,5.0,648.7199999999998,0.9935549599421589,1.462546380507319,2089.82,761.05,0.0,2.0,138.315836,4.0268759821390265
NO1,25,2023-08-26 06:00:00,2023-08-26 06:00:00,1,5.0,5.0,663.6699999999996,0.9950322004903366,5.247130765022561,2440.32,663.49,0.0,5.0,70.572808,3.9750699442569397
SE2,267,2024-11-21 05:00:00,2024-11-21 06:00:00,2,3.85,4.385,6201.52,0.9940566094355807,13.649913357916944,1945.5,6045.415000000001,0.0,2.425,0.0,3.9357945420890794
SE2,273,2024-11-29 00:00:00,2024-11-29 03:00:00,4,4.47,4.7525,6138.42,0.9933926841885188,5.58315760516124,1324.0,6013.085,0.0,-0.25,0.0,3.918537075507058
SE2,236,2024-09-12 08:00:00,2024-09-12 14:00:00,7,4.92,4.9557142857142855,6325.01,0.9980158354091376,8.521605843827734,1684.5714285714287,5936.674285714286,0.0,-2.7142857142857144,0.0,3.903678830645386
SE2,261,2024-11-04 16:00:00,2024-11-06 04:00:00,37,1.61,3.347027027027027,7338.52,0.997399035822083,8.274888008227215,1739.837837837838,5954.505675675676,0.0,-2.424054054054054,0.0,3.8780457643028905
SE2,271,2024-11-24 09:00:00,2024-11-24 13:00:00,5,4.46,4.708,7393.240000000001,0.9951172490816136,5.575346955032531,1256.8,5922.354,0.0,0.14800000000000005,0.0,3.877347776002067
NO1,26,2023-09-01 01:00:00,2023-09-01 03:00:00,3,1.14,2.4499999999999997,513.5100000000002,0.9946724691635641,3.973319969140251,2387.3766666666666,575.0666666666665,0.0,2.4499999999999997,126.69369866666666,3.8731241724080285
NO1,17,2023-07-30 08:00:00,2023-07-30 14:00:00,7,-0.75,0.2628571428571429,623.8399999999997,0.9910049750561866,2.1047218900661027,2349.7571428571428,464.4385714285714,0.0,0.05999999999999999,109.37839085714286,3.8241628822070983
SE2,140,2024-05-09 18:00:00,2024-05-10 15:00:00,22,-0.59,1.6836363636363636,7522.110000000001,0.9800906722935193,9.070384704757496,1438.8181818181818,5875.196363636364,0.0,-1.1554545454545455,0.0,3.799214416507441
NO1,125,2024-09-08 19:00:00,2024-09-09 04:00:00,10,0.04,0.9550000000000001,634.1300000000006,0.9947709041048046,2.56761450584668,2427.826,455.506,0.0,-7.7,36.7276867,3.7972787753126176
NO1,28,2023-09-05 21:00:00,2023-09-06 04:00:00,8,-0.16,0.77,636.2499999999995,0.9915459448496853,4.076649671866678,2318.45375,443.7425,0.0,0.77,44.783975999999996,3.7938142960745793
NO1,49,2023-09-24 20:00:00,2023-09-25 04:00:00,9,-1.67,-0.054444444444444434,563.6599999999994,0.9922051909767825,6.898685055662546,2619.8622222222225,411.0722222222222,0.0,-4.528888888888889,98.82481288888889,3.7568487344187735
SE2,31,2023-05-29 21:00:00,2023-05-29 21:00:00,1,3.02,3.02,5884.2300000000005,0.9959515320658838,9.658630620785656,1153.0,5888.11,0.0,3.02,0.0,3.7514626410345198
NO1,15,2023-07-23 05:00:00,2023-07-23 11:00:00,7,0.2,3.244285714285714,538.1600000000001,0.9909172237140199,1.3865676575383936,2063.464285714286,452.2471428571429,0.0,1.0657142857142858,63.454727428571424,3.751089055123161
NO1,27,2023-09-01 22:00:00,2023-09-05 05:00:00,80,-2.66,0.28612499999999996,920.3699999999999,0.992799656437378,2.904137688831639,2586.190375,405.31912500000004,0.0,-1.06325,58.21654925,3.7472927297948595
NO1,98,2024-07-28 07:00:00,2024-07-28 15:00:00,9,-48.69,-15.197777777777778,609.4000000000001,0.9928283777088411,3.234849393701479,2372.1633333333334,133.61111111111111,0.0,-23.586666666666666,40.85509677777778,3.741798424785413
NO1,29,2023-09-06 20:00:00,2023-09-07 04:00:00,9,3.0,3.4377777777777774,622.8400000000001,0.9924433304560064,2.046351946539059,2455.46,436.2300000000001,0.0,3.4377777777777774,134.97595022222222,3.710509418660556
SE2,281,2024-12-06 15:00:00,2024-12-07 02:00:00,12,4.08,4.635833333333333,6471.91,0.997490616120404,7.219342941119582,1900.1666666666667,5930.359166666666,0.0,3.4033333333333338,0.0,3.7068737038388293
NO1,16,2023-07-23 13:00:00,2023-07-23 13:00:00,1,4.95,4.95,453.9600000000005,0.9911269642340691,1.7727338705515754,2139.29,435.2900000000001,0.0,4.95,96.211416,3.701443142862864
NO1,97,2024-07-21 09:00:00,2024-07-21 12:00:00,4,-0.06,0.6525,347.40999999999985,0.9927219133192311,4.005894286065509,2235.0575,384.89250000000004,0.0,0.12249999999999994,116.1927065,3.698438989320765
NO1,45,2023-09-22 20:00:00,2023-09-23 07:00:00,12,-0.22,0.39166666666666666,573.6400000000003,0.992686599008045,1.6923650884822619,2654.6633333333334,373.86500000000007,0.0,-0.145,232.473254,3.6932883495695896
SE2,266,2024-11-20 16:00:00,2024-11-21 01:00:00,10,-0.81,1.2899999999999998,6330.02,0.9929906898170643,10.65804350577916,1900.3,5844.442,0.0,1.2899999999999998,0.0,3.691196646775962
NO1,126,2024-09-09 22:00:00,2024-09-10 04:00:00,7,-0.22,-0.09999999999999999,618.04,0.9956436351448222,1.9132890239371332,2423.1114285714284,345.75,0.0,-0.09999999999999999,97.21049257142856,3.6895655555539846
SE2,268,2024-11-21 11:00:00,2024-11-22 02:00:00,16,1.49,4.22,6265.439999999999,0.9943461453346396,11.145687221918799,2090.8125,5808.509375000001,0.0,-5.363125,0.0,3.5933658628221954
SE2,291,2024-12-24 08:00:00,2024-12-24 12:00:00,5,4.28,4.686,5904.960000000001,0.998341601111543,7.523842625126422,2663.4,5896.5160000000005,0.0,4.686,0.0,3.587634942633032
SE2,33,2023-06-01 11:00:00,2023-06-01 15:00:00,5,3.01,4.574,5973.23,0.9895619544075936,10.130761459469648,1664.0,5839.5419999999995,0.0,-2.806,0.0,3.5815941289395568
SE2,294,2024-12-28 18:00:00,2024-12-31 13:00:00,68,-0.58,2.0658823529411765,6932.389999999999,0.9962894157139786,8.622073978482225,1983.0735294117646,5767.271323529412,0.0,0.5083823529411765,0.0,3.5622699203049693
SE1,283,2024-11-13 01:00:00,2024-11-13 03:00:00,3,3.63,4.033333333333333,2966.6099999999997,0.9978491642005599,10.205014618756572,1275.3333333333333,2765.476666666667,0.0,-6.0,0.0,3.534143049006056
NO5,31,2023-10-03 07:00:00,2023-10-05 05:00:00,47,-0.38,1.4665957446808509,3383.01,0.975303202074859,4.813916835332001,1817.7093617021276,2891.209361702128,0.0,-0.23148936170212764,77.80083131914894,3.5026749820824135
SE2,293,2024-12-28 10:00:00,2024-12-28 10:00:00,1,5.0,5.0,5813.62,0.9978173402442452,3.487648977812717,2085.0,5671.07,0.0,-4.39,0.0,3.4638161589349146
NO5,33,2023-10-05 19:00:00,2023-10-06 05:00:00,11,1.7,2.67,3170.239999999999,0.989112644607421,5.12990725494338,1825.5318181818182,2863.0272727272727,0.0,1.6936363636363636,223.25201818181816,3.442691237206239
SE2,260,2024-10-31 21:00:00,2024-11-04 03:00:00,79,-0.73,2.190886075949367,7879.75,0.9977519848646205,8.35907550185542,1764.886075949367,5707.071898734177,0.0,1.2750632911392406,0.0,3.4304124465732095
NO5,94,2024-09-11 13:00:00,2024-09-11 13:00:00,1,4.99,4.99,2846.3199999999997,0.9818588634180672,9.358962404377452,1672.14,2865.2400000000002,0.0,4.99,47.909068,3.400828811365456
NO5,35,2023-10-08 21:00:00,2023-10-08 21:00:00,1,4.99,4.99,2805.1800000000003,0.9865179944432275,3.715013712232343,1805.41,2788.43,0.0,4.99,12.376912,3.2978938259674964
NO5,30,2023-10-02 19:00:00,2023-10-03 05:00:00,11,-1.01,0.7563636363636363,3343.62,0.9933274175849359,7.267055411354068,1683.817272727273,2713.6236363636363,0.0,0.7563636363636363,44.33160363636364,3.261284591690389
NO5,32,2023-10-05 11:00:00,2023-10-05 16:00:00,6,2.66,3.391666666666667,3284.84,0.9790644680810422,4.873059133325331,1967.0416666666667,2805.5633333333335,0.0,-0.7933333333333333,194.70309333333333,3.2587040407779297
SE1,306,2024-12-28 10:00:00,2024-12-28 10:00:00,1,4.97,4.97,2683.2200000000003,0.9963530200512574,8.770628931236917,1523.0,2581.43,0.0,-4.39,0.0,3.16554292098586
NO5,34,2023-10-06 09:00:00,2023-10-08 15:00:00,55,-2.7,1.6296363636363635,3220.83,0.9963796007196332,6.0197395687073625,1795.7047272727273,2514.942181818182,0.0,-0.06218181818181818,50.16941941818182,2.8776066643325553
SE1,293,2024-12-05 02:00:00,2024-12-05 04:00:00,3,4.97,4.973333333333334,2528.85,0.9941782475955406,8.14300213563366,1295.0,2426.8033333333333,0.0,-0.57,0.0,2.7309136535669256
SE1,281,2024-11-08 16:00:00,2024-11-08 16:00:00,1,4.87,4.87,2471.8900000000003,0.9982361541972568,10.454497768964622,1406.0,2383.02,0.0,-1.98,0.0,2.7205931538170063
NO5,113,2024-11-02 21:00:00,2024-11-02 22:00:00,2,2.71,3.54,2610.66,0.9981923672457786,12.272443457715134,2111.915,2388.085,0.0,3.54,155.18035350000002,2.6678583822811746
SE1,24,2023-05-19 12:00:00,2023-05-19 13:00:00,2,4.64,4.699999999999999,2469.48,0.9965962234218007,6.9250268861591895,1105.0,2395.895,0.0,-4.75,0.0,2.654862951835907
SE1,271,2024-10-30 08:00:00,2024-10-30 15:00:00,8,1.6,2.6075,2813.09,0.9943932452612781,10.007496698498985,1241.125,2310.13625,0.0,-1.5325,0.0,2.576552427969553
NO5,86,2024-08-31 21:00:00,2024-08-31 21:00:00,1,4.91,4.91,2401.3,0.9982529998314084,1.8982771396060005,1691.43,2332.44,0.0,4.91,112.003062,2.547839674074609
SE1,288,2024-11-23 23:00:00,2024-11-24 08:00:00,10,2.99,3.689,2659.95,0.9958775423015387,10.427187923138197,1429.7,2339.6099999999997,0.0,1.92,0.0,2.5252167550602573
NO5,115,2024-11-03 12:00:00,2024-11-03 12:00:00,1,4.76,4.76,2292.4700000000007,0.9902117785089638,3.2623778184243912,1935.06,2289.5499999999997,0.0,0.5,100.633145,2.4183759271927365
NO5,29,2023-09-07 20:00:00,2023-10-02 13:00:00,594,-5.09,0.47728956228956226,3236.15,0.9848638344695542,6.232435273480898,1456.8140404040405,2211.0651851851853,0.0,-0.8360942760942761,74.56548968350168,2.410911962679064
NO5,112,2024-10-30 23:00:00,2024-11-02 07:00:00,57,-0.08,0.73,3058.7300000000005,0.9918843951541302,7.495410982172304,2123.915438596491,2105.290175438596,0.0,0.4170175438596491,167.5203844912281,2.379388619469449
SE1,287,2024-11-20 22:00:00,2024-11-20 22:00:00,1,3.87,3.87,2217.13,0.9950106521528355,8.594591046466448,1599.0,2221.67,0.0,3.87,0.0,2.298379382237826
NO5,116,2024-11-03 20:00:00,2024-11-03 22:00:00,3,3.11,3.59,2242.53,0.9839505357067565,4.953558156376196,1926.4466666666667,2182.02,0.0,3.59,104.33955933333334,2.269533339449893
SE1,280,2024-11-08 01:00:00,2024-11-08 03:00:00,3,3.91,3.94,2405.2799999999997,0.997608409192566,8.721686096813757,1215.6666666666667,2201.383333333333,0.0,-2.2466666666666666,0.0,2.2474135507863946
NO5,85,2024-08-28 19:00:00,2024-08-31 13:00:00,67,-0.07,1.7698507462686568,2733.0099999999993,0.9987619082337947,5.531463514637655,1712.0641791044777,2072.138656716418,0.0,0.41388059701492536,70.77129564179104,2.1714076992613256
SE1,27,2023-05-23 13:00:00,2023-05-23 13:00:00,1,4.33,4.33,2179.23,0.9970076958322813,2.4914080733911805,1029.0,2130.83,0.0,4.33,0.0,2.142175923894142
NO5,114,2024-11-03 01:00:00,2024-11-03 09:00:00,9,2.42,3.4522222222222223,2277.1899999999996,0.9983792625079209,7.714781440353609,1831.4955555555555,2045.008888888889,0.0,3.4522222222222223,106.98079644444445,2.030303853512477
NO5,27,2023-09-01 01:00:00,2023-09-01 03:00:00,3,1.14,2.4499999999999997,2072.21,0.9934680066465825,3.433745494426218,1060.8866666666665,2006.2566666666664,0.0,2.4499999999999997,57.75057066666667,2.0118613980280378
SE1,126,2024-02-29 19:00:00,2024-02-29 22:00:00,4,-0.02,0.7899999999999999,2223.6400000000003,0.9936968457908927,8.753420434438201,1480.75,2027.6599999999999,0.0,0.7899999999999999,0.0,1.971750931506046
NO5,98,2024-09-13 21:00:00,2024-09-13 21:00:00,1,4.95,4.95,2054.39,0.9719775274770229,5.874148667136957,1612.31,2015.21,0.0,4.95,53.618035,1.9653273785694694
NO5,89,2024-09-07 11:00:00,2024-09-07 12:00:00,2,1.24,2.17,2208.1500000000005,0.9803024988820161,0.6930971412892775,1418.1999999999998,1922.87,0.0,0.5,56.617084500000004,1.912392190087434
NO5,96,2024-09-12 10:00:00,2024-09-12 10:00:00,1,4.97,4.97,2054.3100000000004,0.985541299162062,6.7991441405196,1576.03,1941.48,0.0,-4.0,258.281171,1.9008193891753962
NO4,159,2024-11-08 00:00:00,2024-11-08 04:00:00,5,2.64,2.7920000000000003,1021.3299999999997,0.9451892917971128,6.722327977506895,2049.13,945.0600000000001,0.0,-2.196,55.91346,1.8921783734590203
NO5,84,2024-08-27 08:00:00,2024-08-28 15:00:00,32,-0.13,2.8475,2653.1499999999996,0.9996582475695059,8.914012825256425,1683.555,1872.5946875,0.0,-1.879375,64.41944784375,1.8423517213329006
SE1,96,2023-10-05 11:00:00,2023-10-05 12:00:00,2,4.96,4.975,2055.0199999999995,0.9965504523405767,7.88396870284346,780.0,1996.23,0.0,-3.005,0.0,1.815059761236939
SE1,39,2023-06-05 14:00:00,2023-06-05 14:00:00,1,4.98,4.98,2004.3200000000002,0.9982215313273963,9.89878087407803,1032.0,1954.3400000000001,0.0,-7.0,0.0,1.7370305278414004
NO4,161,2024-11-08 11:00:00,2024-11-08 11:00:00,1,2.73,2.73,809.56,0.9462777351170027,8.649300385409267,2159.6,922.28,0.0,-2.24,99.9324,1.7322870453958874
NO4,162,2024-11-08 13:00:00,2024-11-09 04:00:00,16,2.41,3.4387499999999998,1039.9100000000003,0.9455206761117145,9.79044902260868,2232.314375,920.46125,0.0,-1.5474999999999999,81.1735095625,1.7166995908841358
SE1,116,2024-01-27 21:00:00,2024-01-28 01:00:00,5,0.01,2.4699999999999998,1941.6799999999998,0.9939728575246816,11.201169149687368,1232.2,1920.48,0.0,2.4699999999999998,0.0,1.6664497659878488
SE1,241,2024-09-04 11:00:00,2024-09-05 01:00:00,15,3.07,4.29,2110.1400000000003,0.9988759539078582,6.75331210701528,1099.5333333333333,1968.618,0.0,2.8093333333333335,0.0,1.6468400441629831
SE1,38,2023-06-05 10:00:00,2023-06-05 10:00:00,1,4.99,4.99,1919.7199999999998,0.9979137138542648,9.643157337174328,1100.0,1861.6399999999999,0.0,-7.0,0.0,1.5426129138635245
SE1,128,2024-04-01 13:00:00,2024-04-01 14:00:00,2,4.12,4.295,1880.48,0.9874362103792267,8.543320613694018,974.0,1896.9650000000001,0.0,4.295,0.0,1.5425410916897395
SE1,82,2023-09-26 10:00:00,2023-09-26 10:00:00,1,5.0,5.0,1803.5500000000002,0.9988851126575676,6.414606538356266,977.0,1950.5700000000002,0.0,5.0,0.0,1.5153310990821112
SE1,308,2024-12-31 22:00:00,2024-12-31 22:00:00,1,4.02,4.02,1821.79,0.9954600937961753,6.819753666140848,1447.0,1849.24,0.0,2.0,0.0,1.453897548388229
SE1,5,2023-01-25 01:00:00,2023-01-25 02:00:00,2,4.1,4.34,1850.1099999999997,0.9905054008927655,11.070352023595811,1315.0,1834.02,0.0,4.34,0.0,1.441419873955947
NO4,164,2024-11-14 11:00:00,2024-11-14 13:00:00,3,4.85,4.903333333333333,870.9300000000003,0.939914258324674,9.25902401692148,2567.0933333333337,766.6733333333333,0.0,4.903333333333333,202.77823333333333,1.3641261912855915
NO4,160,2024-11-08 09:00:00,2024-11-08 09:00:00,1,4.89,4.89,674.5100000000002,0.9459160559626915,8.694456886945604,2327.49,774.96,0.0,-2.24,60.8996,1.2466665622426711
NO4,132,2024-10-18 22:00:00,2024-10-19 13:00:00,16,2.76,4.104375,1037.13,0.9324382297549538,3.3617646634195566,2074.795,698.300625,0.0,4.104375,82.0099558125,1.106962584009332
NO2,100,2024-08-26 00:00:00,2024-08-26 03:00:00,4,1.13,1.7650000000000001,1783.6600000000008,0.9980539440966907,7.890269635574157,3139.6775,1122.4550000000004,5.069156250000001,-4.275,89.14301,1.0684829644788136
NO4,165,2024-11-14 16:00:00,2024-11-14 17:00:00,2,2.92,3.52,495.0199999999995,0.9452035443582909,7.31681820550087,2816.385,773.595,0.0,3.52,439.81095,0.997253496712948
NO4,163,2024-11-12 20:00:00,2024-11-14 08:00:00,37,-2.01,1.8359459459459457,1014.56,0.9285056139582195,7.506734139245909,2385.0516216216215,601.6224324324324,0.0,-0.9383783783783783,109.33667778378378,0.923624259779167
NO4,109,2024-06-29 21:00:00,2024-06-29 21:00:00,1,4.99,4.99,498.4500000000003,0.9041981301690039,4.81656213858104,1726.35,474.83000000000004,0.0,4.99,149.1463,0.5812509368174803
NO4,166,2024-11-14 19:00:00,2024-11-17 07:00:00,61,-0.49,1.5108196721311475,675.0599999999995,0.9287143408401871,2.926030677210404,2330.05737704918,471.73688524590165,0.0,-0.17950819672131152,106.3597218852459,0.5713741278051524
NO4,143,2024-10-24 04:00:00,2024-10-26 02:00:00,47,2.0,3.3540425531914893,777.8299999999995,0.9300938509939616,5.569457773024256,2254.251914893617,463.57787234042553,0.0,2.1634042553191493,71.86094204255319,0.5489639641968778
NO4,157,2024-11-05 22:00:00,2024-11-06 03:00:00,6,2.45,3.1266666666666665,578.4500000000003,0.9349756952481597,5.9615585954672525,2183.6916666666666,448.59833333333336,0.0,-2.0283333333333333,192.74123333333333,0.5188383436134565
NO4,36,2023-08-03 00:00:00,2023-08-03 00:00:00,1,3.55,3.55,493.99000000000024,0.8893653267255813,5.313920829451715,1572.27,356.5600000000001,0.0,3.55,110.9899,0.47259599959243603
NO2,24,2023-09-29 21:00:00,2023-09-29 21:00:00,1,0.16,0.16,1141.33,0.9998359325461053,8.374401473677349,3369.01,595.7399999999998,6.5834872979214785,0.16,101.6793,0.4245230228754263
NO4,100,2024-06-04 21:00:00,2024-06-05 03:00:00,7,1.58,2.5414285714285714,522.2700000000002,0.8869740489470551,5.423484331444035,1731.4957142857143,336.6871428571429,0.0,2.41,118.0432,0.3144507518220165
NO4,144,2024-10-26 13:00:00,2024-10-26 22:00:00,10,0.7,2.906,422.8299999999999,0.9188662457259837,5.123227767769269,2288.1639999999998,383.03000000000003,0.0,2.118,37.405142999999995,0.2831376763984112
NO2,113,2024-10-31 23:00:00,2024-11-01 14:00:00,16,1.54,2.8025,1199.54,0.9968035209128634,12.668888341556924,4001.095625,629.89875,5.33965625,-0.135625,102.6199271875,0.27038104319223755
NO4,61,2023-09-26 17:00:00,2023-09-26 17:00:00,1,3.94,3.94,331.53999999999996,0.9219650063148817,6.119604853501291,2265.5,381.21999999999997,0.0,3.94,57.6721,0.2681103043852664
NO4,158,2024-11-06 22:00:00,2024-11-07 04:00:00,7,1.09,2.21,499.2199999999998,0.9318978371775912,4.383328601726233,2185.718571428571,359.5442857142857,0.0,-4.785714285714286,88.38006614285713,0.2593509040554307
NO2,22,2023-09-24 21:00:00,2023-09-25 13:00:00,17,-1.15,0.3558823529411765,1720.9100000000003,0.9995943083538912,8.606337698749236,3506.724117647059,459.50470588235294,8.283394919168591,-3.4241176470588237,55.45018941176471,0.22766486598507876
NO4,29,2023-07-01 11:00:00,2023-07-01 13:00:00,3,0.07,1.83,253.54000000000042,0.9763437837585616,4.045379505044251,1823.03,413.8866666666666,0.0,1.83,15.506733333333335,0.21346396157493985
NO4,60,2023-09-26 10:00:00,2023-09-26 10:00:00,1,5.0,5.0,343.1300000000001,0.9153369611386714,4.3869038752020195,2152.41,345.49,0.0,5.0,68.8277,0.18740434791119337
NO2,23,2023-09-28 00:00:00,2023-09-28 03:00:00,4,1.62,2.2824999999999998,1076.77,0.9998718599063012,10.0946002107898,3139.355,446.1475,5.464896073903002,-2.3,127.616591,0.13419740438161415
NO4,99,2024-05-29 21:00:00,2024-05-30 02:00:00,6,1.08,1.9566666666666668,486.74,0.8835463808279526,3.8696507492866576,1744.135,318.71666666666664,0.0,1.9566666666666668,33.58943333333333,0.13202469005147766
NO2,20,2023-09-19 09:00:00,2023-09-21 12:00:00,52,-5.09,-0.6898076923076922,1718.08,0.996979713422474,5.7730546852542854,3541.1076923076926,465.25461538461536,7.490092378752887,-1.544230769230769,105.83510799999999,0.0795758258426328
NO2,33,2023-10-06 02:00:00,2023-10-06 03:00:00,2,2.75,3.25,785.8699999999999,0.9997913935586672,7.286759571441527,3555.37,462.65999999999985,5.864688221709007,3.25,121.834734,-0.033670297390150705
NO2,106,2024-09-10 00:00:00,2024-09-10 03:00:00,4,0.0,0.6775,1112.1599999999999,0.9989171193265342,5.791390534064834,3214.5825,484.9174999999999,5.410515625,0.6775,196.3397645,-0.04740079409627146
NO2,102,2024-08-27 10:00:00,2024-08-27 12:00:00,3,1.18,2.776666666666667,986.6899999999996,0.9966047513513091,7.555993103159534,3667.64,498.6766666666667,3.6263750000000003,-4.333333333333333,55.080375000000004,-0.059417838544777335
NO2,50,2024-04-28 05:00:00,2024-04-28 07:00:00,3,0.1,0.24666666666666667,718.6699999999992,0.9957035503594209,11.121748593721819,4049.0333333333333,427.5033333333334,5.40084375,0.24666666666666667,89.761998,-0.10185386575343436
NO2,30,2023-10-03 19:00:00,2023-10-04 05:00:00,11,-0.08,1.2818181818181817,1153.7600000000007,0.9998633556471059,8.52034083403117,3391.468181818182,209.59818181818176,6.213741339491917,1.2818181818181817,98.54214109090908,-0.14654533605010622
NO2,4,2023-05-23 13:00:00,2023-05-23 13:00:00,1,4.33,4.33,574.0900000000001,0.9952662864583961,8.439981685366483,3572.76,193.1400000000001,2.7815625,4.33,54.550324,-0.29709753662701277
NO2,19,2023-09-19 06:00:00,2023-09-19 06:00:00,1,0.26,0.26,471.5399999999995,0.9988425282418056,3.97779398764031,3485.36,106.5600000000004,5.600715935334874,0.26,258.201636,-0.3097010345234039
NO2,58,2024-05-13 10:00:00,2024-05-13 13:00:00,4,0.3,1.1025,918.3599999999997,0.9975222705406899,9.862596530921145,3516.8824999999997,105.87749999999994,2.9546562499999998,1.1025,250.8941445,-0.32189824454440474
NO2,101,2024-08-26 10:00:00,2024-08-26 11:00:00,2,4.84,4.845,593.1299999999997,0.9967754774410784,6.300291115348513,3677.49,135.60500000000002,3.3151874999999995,-2.0,73.554739,-0.3583774183337131
NO2,39,2023-10-11 21:00:00,2023-10-11 21:00:00,1,5.0,5.0,510.24000000000024,0.9986559451254837,11.60911462766213,3805.06,154.82999999999947,5.764942263279445,5.0,31.09876,-0.37924080637862956
NO2,94,2024-08-22 03:00:00,2024-08-22 04:00:00,2,3.07,3.995,432.99000000000024,0.9975165121910936,4.97955803899396,3408.52,266.42999999999995,2.7982031249999997,-4.5,158.7317185,-0.39035485803724107
NO2,25,2023-09-29 23:00:00,2023-09-30 08:00:00,10,0.0,0.9480000000000001,1027.77,0.9999796957148834,8.887892582407842,3303.8830000000003,-43.47200000000007,6.069676674364897,0.9480000000000001,30.522983599999996,-0.4030203204024351
NO2,36,2023-10-10 20:00:00,2023-10-11 00:00:00,5,0.74,2.402,761.0500000000002,0.9986003519351853,8.951875980199583,3573.254,22.552000000000042,5.644041570438799,0.646,97.3844048,-0.42578822892027723
NO2,64,2024-05-25 10:00:00,2024-05-25 13:00:00,4,0.0,1.1075,614.7399999999998,0.9988396883857787,4.537847150033142,3340.125,17.96999999999997,4.05998023715415,1.1075,38.2372715,-0.4364542788272421
